date,price
2010-01-04,89.61083984
2010-01-05,89.84803772
2010-01-06,89.91132355
2010-01-07,90.29085541
2010-01-08,90.59131622
2010-01-11,90.71780396
2010-01-12,89.87176514
2010-01-13,90.630867
2010-01-14,90.87593842
2010-01-15,89.85592651
2010-01-19,90.97873688
2010-01-20,90.05364227
2010-01-21,88.32197571
2010-01-22,86.35311127
2010-01-25,86.79589844
2010-01-26,86.43215942
2010-01-27,86.84334564
2010-01-28,85.84705353
2010-01-29,84.91403961
2010-02-01,86.2345047
2010-02-02,87.27824402
2010-02-03,86.84334564
2010-02-04,84.16286469
2010-02-05,84.33681488
2010-02-08,83.72795868
2010-02-09,84.77960205
2010-02-10,84.61356354
2010-02-11,85.49915314
2010-02-12,85.4280014
2010-02-16,86.77218628
2010-02-17,87.18336487
2010-02-18,87.69731903
2010-02-19,87.87919617
2010-02-22,87.89499664
2010-02-23,86.82753754
2010-02-24,87.62614441
2010-02-25,87.50756073
2010-02-26,87.56288147
2010-03-01,88.47219849
2010-03-02,88.71733093
2010-03-03,88.79642487
2010-03-04,89.06523132
2010-03-05,90.33829498
2010-03-08,90.35410309
2010-03-09,90.50431824
2010-03-10,90.90758514
2010-03-11,91.28712463
2010-03-12,91.29504395
2010-03-15,91.31876373
2010-03-16,92.04620361
2010-03-17,92.59179688
2010-03-18,92.54434204
2010-03-19,92.07592773
2010-03-22,92.5681839
2010-03-23,93.21922302
2010-03-24,92.76665497
2010-03-25,92.61581421
2010-03-26,92.5602417
2010-03-29,93.147789
2010-03-30,93.21128082
2010-03-31,92.89370728
2010-04-01,93.52886963
2010-04-05,94.29107666
2010-04-06,94.51338196
2010-04-07,93.9734726
2010-04-08,94.2990036
2010-04-09,94.91828918
2010-04-12,95.06912994
2010-04-13,95.14058685
2010-04-14,96.22039032
2010-04-15,96.29980469
2010-04-16,94.7674408
2010-04-19,95.12471771
2010-04-20,95.97429657
2010-04-21,95.79962921
2010-04-22,96.08543396
2010-04-23,96.71265411
2010-04-26,96.347435
2010-04-27,94.06876373
2010-04-28,94.78330231
2010-04-29,95.95841217
2010-04-30,94.3307724
2010-05-03,95.5534668
2010-05-04,93.30654907
2010-05-05,92.75080109
2010-05-06,89.67021179
2010-05-07,88.3363266
2010-05-10,92.22676849
2010-05-11,91.96476746
2010-05-12,93.25099182
2010-05-13,92.09176636
2010-05-14,90.42449188
2010-05-17,90.47210693
2010-05-18,89.24147034
2010-05-19,88.73332214
2010-05-20,85.38280487
2010-05-21,86.6293335
2010-05-24,85.51776886
2010-05-25,85.60514069
2010-05-26,85.08904266
2010-05-27,87.9393692
2010-05-28,86.83573914
2010-06-01,85.3748703
2010-06-02,87.59798431
2010-06-03,87.89964294
2010-06-04,84.81113434
2010-06-07,83.75518036
2010-06-08,84.65233612
2010-06-09,84.1998291
2010-06-10,86.66108704
2010-06-11,87.08188629
2010-06-14,86.94691467
2010-06-15,88.9238739
2010-06-16,88.89215851
2010-06-17,89.03503418
2010-06-18,89.13156891
2010-06-21,88.87628937
2010-06-22,87.4084549
2010-06-23,87.13719177
2010-06-24,85.69329834
2010-06-25,86.05229187
2010-06-28,85.78107452
2010-06-29,83.13256836
2010-06-30,82.34275818
2010-07-01,81.97583771
2010-07-02,81.52909088
2010-07-06,82.063591
2010-07-07,84.64827728
2010-07-08,85.48590088
2010-07-09,86.12410736
2010-07-12,86.17992401
2010-07-13,87.48023224
2010-07-14,87.47224426
2010-07-15,87.4961853
2010-07-16,85.08702087
2010-07-19,85.58959961
2010-07-20,86.53890228
2010-07-21,85.41408539
2010-07-22,87.32068634
2010-07-23,88.0785675
2010-07-26,88.99594116
2010-07-27,88.9879837
2010-07-28,88.41362
2010-07-29,87.98281097
2010-07-30,87.96685028
2010-08-02,89.95323181
2010-08-03,89.52246857
2010-08-04,90.12078094
2010-08-05,90.02501678
2010-08-06,89.65808868
2010-08-09,90.13669586
2010-08-10,89.65010071
2010-08-11,87.19306183
2010-08-12,86.65856934
2010-08-13,86.40328979
2010-08-16,86.36338043
2010-08-17,87.4243927
2010-08-18,87.5839386
2010-08-19,86.06024933
2010-08-20,85.78107452
2010-08-23,85.45399475
2010-08-24,84.18554688
2010-08-25,84.51264954
2010-08-26,83.94625092
2010-08-27,85.24655914
2010-08-30,84.01006317
2010-08-31,84.01006317
2010-09-01,86.52294922
2010-09-02,87.32866669
2010-09-03,88.46146393
2010-09-07,87.46427917
2010-09-08,88.0785675
2010-09-09,88.48540497
2010-09-10,88.93214417
2010-09-13,89.92132568
2010-09-14,89.86548615
2010-09-15,90.20851135
2010-09-16,90.18457794
2010-09-17,90.21827698
2010-09-20,91.59773254
2010-09-21,91.41326141
2010-09-22,90.96414185
2010-09-23,90.22631073
2010-09-24,92.08695984
2010-09-27,91.64585114
2010-09-28,91.96665955
2010-09-29,91.80625916
2010-09-30,91.53357697
2010-10-01,91.9185257
2010-10-04,91.22879028
2010-10-05,93.06541443
2010-10-06,93.05736542
2010-10-07,92.94510651
2010-10-08,93.46642303
2010-10-11,93.55463409
2010-10-12,93.84335327
2010-10-13,94.57318115
2010-10-14,94.20425415
2010-10-15,94.39670563
2010-10-18,94.86190796
2010-10-19,93.61877441
2010-10-20,94.53308868
2010-10-21,94.7416153
2010-10-22,94.91804504
2010-10-25,95.19877625
2010-10-26,95.21478271
2010-10-27,94.94211578
2010-10-28,94.95817566
2010-10-29,95.0303421
2010-11-01,95.06240082
2010-11-02,95.81629181
2010-11-03,96.20126343
2010-11-04,98.0539093
2010-11-05,98.42285919
2010-11-08,98.23836517
2010-11-09,97.53263092
2010-11-10,97.92559814
2010-11-11,97.55667114
2010-11-12,96.40176392
2010-11-15,96.26542664
2010-11-16,94.76567841
2010-11-17,94.81381989
2010-11-18,96.20929718
2010-11-19,96.47396851
2010-11-22,96.39376068
2010-11-23,94.9982605
2010-11-24,96.40176392
2010-11-26,95.27896881
2010-11-29,95.56771851
2010-11-30,95.0303421
2010-12-01,97.05140686
2010-12-02,98.29454041
2010-12-03,98.55918884
2010-12-06,98.45493317
2010-12-07,98.51106262
2010-12-08,98.87197113
2010-12-09,99.25696564
2010-12-10,99.83436584
2010-12-13,99.89852142
2010-12-14,99.98678589
2010-12-15,99.52963257
2010-12-16,100.1070709
2010-12-17,100.2142868
2010-12-20,100.4561768
2010-12-21,101.0930939
2010-12-22,101.4075012
2010-12-23,101.2623825
2010-12-27,101.3027039
2010-12-28,101.4478455
2010-12-29,101.5204163
2010-12-30,101.359169
2010-12-31,101.3833542
2011-01-03,102.4314346
2011-01-04,102.3749847
2011-01-05,102.9070969
2011-01-06,102.7055283
2011-01-07,102.5039978
2011-01-10,102.3749847
2011-01-11,102.7377853
2011-01-12,103.6649628
2011-01-13,103.4956741
2011-01-14,104.2454376
2011-01-18,104.4228134
2011-01-19,103.3989105
2011-01-20,103.2618484
2011-01-21,103.4956741
2011-01-24,104.0842209
2011-01-25,104.1406403
2011-01-26,104.5437393
2011-01-27,104.8017426
2011-01-28,102.971611
2011-01-31,103.7455826
2011-02-01,105.4064331
2011-02-02,105.2048645
2011-02-03,105.4386826
2011-02-04,105.7369766
2011-02-07,106.3980865
2011-02-08,106.8818054
2011-02-09,106.6399765
2011-02-10,106.6802979
2011-02-11,107.3171844
2011-02-14,107.5751648
2011-02-15,107.2365417
2011-02-16,107.913765
2011-02-17,108.2362823
2011-02-18,108.4620132
2011-02-22,106.2852097
2011-02-23,105.6321487
2011-02-24,105.5596008
2011-02-25,106.688324
2011-02-28,107.3494263
2011-03-01,105.5596008
2011-03-02,105.7853394
2011-03-03,107.6074066
2011-03-04,106.8011856
2011-03-07,105.9626999
2011-03-08,106.8898849
2011-03-09,106.7367096
2011-03-10,104.7614212
2011-03-11,105.4870224
2011-03-14,104.8501205
2011-03-15,103.6488419
2011-03-16,101.730011
2011-03-17,103.0764008
2011-03-18,103.4513321
2011-03-21,105.0545654
2011-03-22,104.6902008
2011-03-23,104.9898071
2011-03-24,105.9938812
2011-03-25,106.3177643
2011-03-28,106.0586472
2011-03-29,106.7712097
2011-03-30,107.5080948
2011-03-31,107.3623505
2011-04-01,107.8157806
2011-04-04,107.9048309
2011-04-05,107.8886719
2011-04-06,108.2287521
2011-04-07,107.9534531
2011-04-08,107.5809326
2011-04-11,107.2570953
2011-04-12,106.4554367
2011-04-13,106.4473419
2011-04-14,106.5282898
2011-04-15,106.9169617
2011-04-18,105.7185745
2011-04-19,106.325882
2011-04-20,107.7752914
2011-04-21,108.3259201
2011-04-25,108.2125549
2011-04-26,109.143692
2011-04-27,109.8562927
2011-04-28,110.2125931
2011-04-29,110.4716721
2011-05-02,110.301651
2011-05-03,109.9048843
2011-05-04,109.1761169
2011-05-05,108.1882401
2011-05-06,108.6660156
2011-05-09,109.0870514
2011-05-10,110.0182419
2011-05-11,108.8603516
2011-05-12,109.3785858
2011-05-13,108.5363922
2011-05-16,107.8481979
2011-05-17,107.831955
2011-05-18,108.7955551
2011-05-19,109.054657
2011-05-20,108.1882401
2011-05-23,106.9331512
2011-05-24,106.8440857
2011-05-25,107.2003937
2011-05-26,107.6942978
2011-05-27,108.1072769
2011-05-31,109.2327728
2011-06-01,106.7792969
2011-06-02,106.6659698
2011-06-03,105.6051941
2011-06-06,104.4877625
2011-06-07,104.4230118
2011-06-08,103.9857559
2011-06-09,104.7792587
2011-06-10,103.3217697
2011-06-13,103.4027252
2011-06-14,104.7144852
2011-06-15,102.8520889
2011-06-16,103.0788422
2011-06-17,103.3864365
2011-06-20,103.9153671
2011-06-21,105.3394241
2011-06-22,104.7046967
2011-06-23,104.4036255
2011-06-24,103.1911392
2011-06-27,104.1106873
2011-06-28,105.4696503
2011-06-29,106.3728943
2011-06-30,107.3900909
2011-07-01,108.9768982
2011-07-05,108.887352
2011-07-06,109.0175476
2011-07-07,110.1486664
2011-07-08,109.3674927
2011-07-11,107.3900909
2011-07-12,106.9262161
2011-07-13,107.2842712
2011-07-14,106.5437927
2011-07-15,107.1622314
2011-07-18,106.2833939
2011-07-19,108.0085373
2011-07-20,107.943428
2011-07-21,109.4407196
2011-07-22,109.5139389
2011-07-25,108.9036255
2011-07-26,108.4967728
2011-07-27,106.2752533
2011-07-28,105.9660034
2011-07-29,105.2417831
2011-08-01,104.7942123
2011-08-02,102.1169891
2011-08-03,102.6703491
2011-08-04,97.86109924
2011-08-05,97.71464539
2011-08-08,91.35112762
2011-08-09,95.5989151
2011-08-10,91.37554932
2011-08-11,95.47682953
2011-08-12,96.11968994
2011-08-15,98.15406036
2011-08-16,97.31590271
2011-08-17,97.38098907
2011-08-18,93.18206787
2011-08-19,91.66034698
2011-08-22,91.73361206
2011-08-23,94.75261688
2011-08-24,96.08715057
2011-08-25,94.62239075
2011-08-26,95.997612
2011-08-29,98.75623322
2011-08-30,99.01663208
2011-08-31,99.4560318
2011-09-01,98.41444397
2011-09-02,95.89997101
2011-09-06,95.20012665
2011-09-07,97.88554382
2011-09-08,96.86832428
2011-09-09,94.32943726
2011-09-12,94.9397583
2011-09-13,95.81047821
2011-09-14,97.13689423
2011-09-15,98.81316376
2011-09-16,99.39801788
2011-09-19,98.40829468
2011-09-20,98.29377747
2011-09-21,95.39823151
2011-09-22,92.31453705
2011-09-23,92.87073517
2011-09-26,95.07920837
2011-09-27,96.14254761
2011-09-28,94.17947388
2011-09-29,94.92379761
2011-09-30,92.55171204
2011-10-03,89.91792297
2011-10-04,91.88918304
2011-10-05,93.59054565
2011-10-06,95.28374481
2011-10-07,94.64569092
2011-10-10,97.81119537
2011-10-11,97.90934753
2011-10-12,98.76821136
2011-10-13,98.57189941
2011-10-14,100.2568741
2011-10-17,98.34286499
2011-10-18,100.2650681
2011-10-19,99.07899475
2011-10-20,99.5125351
2011-10-21,101.4020157
2011-10-24,102.6453094
2011-10-25,100.6494827
2011-10-26,101.671936
2011-10-27,105.2136917
2011-10-28,105.1891632
2011-10-31,102.6534805
2011-11-01,99.79063416
2011-11-02,101.4183807
2011-11-03,103.2669907
2011-11-04,102.6371384
2011-11-07,103.2751465
2011-11-08,104.600235
2011-11-09,100.7394943
2011-11-10,101.6882935
2011-11-11,103.6023254
2011-11-14,102.6207657
2011-11-15,103.1279144
2011-11-16,101.4919891
2011-11-17,99.88062286
2011-11-18,99.77428436
2011-11-21,97.8766098
2011-11-22,97.49219513
2011-11-23,95.34096527
2011-11-25,95.16100311
2011-11-28,97.91751862
2011-11-29,98.19564819
2011-11-30,102.2363281
2011-12-01,102.2199936
2011-12-02,102.129982
2011-12-05,103.2424469
2011-12-06,103.2751465
2011-12-07,103.6595764
2011-12-08,101.3856506
2011-12-09,103.1033707
2011-12-12,101.59832
2011-12-13,100.6494827
2011-12-14,99.57798004
2011-12-15,99.93785858
2011-12-16,100.0860214
2011-12-19,99.01597595
2011-12-20,102.0122223
2011-12-21,102.2097473
2011-12-22,103.1152115
2011-12-23,104.0371246
2011-12-27,104.1194305
2011-12-28,102.7530365
2011-12-29,103.8148956
2011-12-30,103.3045273
2012-01-03,104.9508133
2012-01-04,105.1154404
2012-01-05,105.3953094
2012-01-06,105.1236801
2012-01-09,105.3788605
2012-01-10,106.2925415
2012-01-11,106.3501587
2012-01-12,106.6053314
2012-01-13,106.0538559
2012-01-17,106.4654236
2012-01-18,107.6424942
2012-01-19,108.210495
2012-01-20,108.6138
2012-01-23,108.3339386
2012-01-24,108.210495
2012-01-25,109.1159439
2012-01-26,108.5562134
2012-01-27,108.5068207
2012-01-30,108.1364059
2012-01-31,108.0952301
2012-02-01,109.041832
2012-02-02,109.2146759
2012-02-03,110.7457428
2012-02-06,110.671669
2012-02-07,110.9515076
2012-02-08,111.2807999
2012-02-09,111.4207382
2012-02-10,110.59758
2012-02-13,111.4207382
2012-02-14,111.2807999
2012-02-15,110.762207
2012-02-16,111.9887009
2012-02-17,112.2850418
2012-02-21,112.3343887
2012-02-22,111.9722595
2012-02-23,112.4661026
2012-02-24,112.7130508
2012-02-27,112.9024048
2012-02-28,113.2316513
2012-02-29,112.787178
2012-03-01,113.371582
2012-03-02,113.0258408
2012-03-05,112.5648956
2012-03-06,110.9186096
2012-03-07,111.6923599
2012-03-08,112.8035812
2012-03-09,113.2398911
2012-03-12,113.2481155
2012-03-13,115.2895126
2012-03-14,115.1660385
2012-03-15,115.8327637
2012-03-16,115.9931793
2012-03-19,116.4478836
2012-03-20,116.1089249
2012-03-21,115.9187851
2012-03-22,115.0837021
2012-03-23,115.45578
2012-03-26,117.0762253
2012-03-27,116.7124481
2012-03-28,116.133728
2012-03-29,115.9352646
2012-03-30,116.4148331
2012-04-02,117.2664032
2012-04-03,116.7868271
2012-04-04,115.6294174
2012-04-05,115.5715027
2012-04-09,114.2735214
2012-04-10,112.3554535
2012-04-11,113.2649002
2012-04-12,114.7447586
2012-04-13,113.3805923
2012-04-16,113.3062592
2012-04-17,114.98452
2012-04-18,114.5959854
2012-04-19,113.8601532
2012-04-20,114.0503159
2012-04-23,113.0912628
2012-04-24,113.5211716
2012-04-25,115.0755005
2012-04-26,115.8774033
2012-04-27,116.0676117
2012-04-30,115.6376419
2012-05-01,116.3569489
2012-05-02,116.0096893
2012-05-03,115.1250992
2012-05-04,113.2649002
2012-05-07,113.3475571
2012-05-08,112.8928375
2012-05-09,112.223175
2012-05-10,112.4546967
2012-05-11,112.1157074
2012-05-14,110.8755951
2012-05-15,110.2389984
2012-05-16,109.8173523
2012-05-17,108.1886292
2012-05-18,107.2626801
2012-05-21,109.1063385
2012-05-22,109.2964859
2012-05-23,109.3543777
2012-05-24,109.5692902
2012-05-25,109.2138214
2012-05-29,110.5366287
2012-05-30,108.9327164
2012-05-31,108.6929855
2012-06-01,105.9564362
2012-06-04,105.9068222
2012-06-05,106.7087708
2012-06-06,109.1063385
2012-06-07,109.1724777
2012-06-08,110.0405502
2012-06-11,108.6433945
2012-06-12,109.8917542
2012-06-13,109.1890335
2012-06-14,110.3464584
2012-06-15,111.4749908
2012-06-18,111.6910934
2012-06-19,112.7714081
2012-06-20,112.5886002
2012-06-21,110.0622635
2012-06-22,110.9098892
2012-06-25,109.1315002
2012-06-26,109.6799927
2012-06-27,110.6688919
2012-06-28,110.3531189
2012-06-29,113.1038666
2012-07-02,113.4445419
2012-07-03,114.1924744
2012-07-05,113.677269
2012-07-06,112.5969009
2012-07-09,112.4556503
2012-07-10,111.4749908
2012-07-11,111.4916382
2012-07-12,110.9514542
2012-07-13,112.8129807
2012-07-16,112.5470352
2012-07-17,113.3199005
2012-07-18,114.1592636
2012-07-19,114.4584351
2012-07-20,113.4113159
2012-07-23,112.2645035
2012-07-24,111.3004837
2012-07-25,111.3254318
2012-07-26,113.161972
2012-07-27,115.2479095
2012-07-30,115.2479095
2012-07-31,114.4418411
2012-08-01,114.3420944
2012-08-02,113.5526199
2012-08-03,115.8046951
2012-08-06,116.0290833
2012-08-07,116.6107788
2012-08-08,116.7521057
2012-08-09,116.8518295
2012-08-10,117.042923
2012-08-13,116.9847717
2012-08-14,117.0013809
2012-08-15,117.1343613
2012-08-16,117.9986191
2012-08-17,118.1565475
2012-08-20,118.1648483
2012-08-21,117.8074722
2012-08-22,117.8573303
2012-08-23,116.8933563
2012-08-24,117.5997391
2012-08-27,117.6246338
2012-08-28,117.5083466
2012-08-29,117.5997391
2012-08-30,116.7521057
2012-08-31,117.3088531
2012-09-04,117.2008591
2012-09-05,117.1011047
2012-09-06,119.4779053
2012-09-07,119.9432907
2012-09-10,119.2618103
2012-09-11,119.594223
2012-09-12,119.9931488
2012-09-13,121.8213577
2012-09-14,122.3615799
2012-09-17,121.9460831
2012-09-18,121.8462906
2012-09-19,121.9128189
2012-09-20,121.9211349
2012-09-21,121.8701401
2012-09-24,121.6863174
2012-09-25,120.3913574
2012-09-26,119.7146301
2012-09-27,120.8425293
2012-09-28,120.282753
2012-10-01,120.600235
2012-10-02,120.7255325
2012-10-03,121.218483
2012-10-04,122.0874023
2012-10-05,122.0957565
2012-10-08,121.6780243
2012-10-09,120.4749451
2012-10-10,119.7062912
2012-10-11,119.7731171
2012-10-12,119.3804474
2012-10-15,120.3747101
2012-10-16,121.5944672
2012-10-17,122.1458511
2012-10-18,121.828392
2012-10-19,119.7982025
2012-10-22,119.814888
2012-10-23,118.1523285
2012-10-24,117.8181
2012-10-25,118.1606827
2012-10-26,118.0938568
2012-10-31,118.0938568
2012-11-01,119.3303452
2012-11-02,118.2692719
2012-11-05,118.5115509
2012-11-06,119.4389343
2012-11-07,116.7320328
2012-11-08,115.328392
2012-11-09,115.4286957
2012-11-12,115.5205841
2012-11-13,115.119545
2012-11-14,113.5655594
2012-11-15,113.3733978
2012-11-16,113.9331741
2012-11-19,116.2391052
2012-11-20,116.2892303
2012-11-21,116.5064392
2012-11-23,118.0938568
2012-11-26,117.8431549
2012-11-27,117.2416611
2012-11-28,118.1857529
2012-11-29,118.7370834
2012-11-30,118.762207
2012-12-03,118.1773911
2012-12-04,118.0102386
2012-12-05,118.2191467
2012-12-06,118.6201477
2012-12-07,118.9794464
2012-12-10,119.029541
2012-12-11,119.8399734
2012-12-12,119.8984375
2012-12-13,119.1632156
2012-12-14,118.7204132
2012-12-17,120.1156921
2012-12-18,121.4524231
2012-12-19,120.5501175
2012-12-20,121.243515
2012-12-21,120.1430359
2012-12-24,119.7728119
2012-12-26,119.2679672
2012-12-27,119.1080856
2012-12-28,117.8207474
2012-12-31,119.8232956
2013-01-02,122.8943481
2013-01-03,122.6166992
2013-01-04,123.1551971
2013-01-07,122.8186493
2013-01-08,122.4651871
2013-01-09,122.776619
2013-01-10,123.7526016
2013-01-11,123.744194
2013-01-14,123.6600571
2013-01-15,123.744194
2013-01-16,123.7273407
2013-01-17,124.5267105
2013-01-18,124.8043518
2013-01-22,125.4774094
2013-01-23,125.6794128
2013-01-24,125.713089
2013-01-25,126.4197693
2013-01-28,126.2683563
2013-01-29,126.7647781
2013-01-30,126.2683563
2013-01-31,125.9570389
2013-02-01,127.2527924
2013-02-04,125.8224792
2013-02-05,127.0929413
2013-02-06,127.1854782
2013-02-07,127.0172577
2013-02-08,127.7240219
2013-02-11,127.6987839
2013-02-12,127.9091492
2013-02-13,128.0184479
2013-02-14,128.1362762
2013-02-15,127.9848022
2013-02-19,128.9440155
2013-02-20,127.3368988
2013-02-21,126.5628662
2013-02-22,127.7997131
2013-02-25,125.3680954
2013-02-26,126.2263184
2013-02-27,127.8165283
2013-02-28,127.5641098
2013-03-01,127.9848022
2013-03-04,128.6663513
2013-03-05,129.8190613
2013-03-06,129.9957428
2013-03-07,130.231308
2013-03-08,130.7866821
2013-03-11,131.2830811
2013-03-12,130.9886017
2013-03-13,131.1737213
2013-03-14,131.8720551
2013-03-15,131.697998
2013-03-18,130.9711304
2013-03-19,130.6668854
2013-03-20,131.5796814
2013-03-21,130.4556274
2013-03-22,131.5035706
2013-03-25,130.9542542
2013-03-26,132.0022278
2013-03-27,132.0022278
2013-03-28,132.4079285
2013-04-01,131.8838806
2013-04-02,132.5346985
2013-04-03,131.1908722
2013-04-04,131.7232971
2013-04-05,131.1317291
2013-04-08,132.019104
2013-04-09,132.4754944
2013-04-10,134.0981445
2013-04-11,134.5375977
2013-04-12,134.2080688
2013-04-15,131.0979462
2013-04-16,133.0332947
2013-04-17,131.0894623
2013-04-18,130.2696991
2013-04-19,131.4021454
2013-04-22,131.9853058
2013-04-23,133.345993
2013-04-24,133.4305115
2013-04-25,133.9713898
2013-04-26,133.7347565
2013-04-29,134.6306
2013-04-30,134.951767
2013-05-01,133.7686005
2013-05-02,135.0108948
2013-05-03,136.3800049
2013-05-06,136.7265472
2013-05-07,137.4195557
2013-05-08,138.0449371
2013-05-09,137.6562195
2013-05-10,138.1041107
2013-05-13,138.213974
2013-05-14,139.6423492
2013-05-15,140.3944397
2013-05-16,139.7352448
2013-05-17,141.0874481
2013-05-20,141.0789795
2013-05-21,141.2818298
2013-05-22,140.2338715
2013-05-23,139.8282013
2013-05-24,139.7098846
2013-05-28,140.5465393
2013-05-29,139.6338043
2013-05-30,140.149353
2013-05-31,138.1379395
2013-06-03,138.8985901
2013-06-04,138.230896
2013-06-05,136.2955627
2013-06-06,137.5294189
2013-06-07,139.2789001
2013-06-10,139.2789001
2013-06-11,137.8421326
2013-06-12,136.7011871
2013-06-13,138.7802582
2013-06-14,137.9097443
2013-06-17,138.9746094
2013-06-18,140.0733185
2013-06-19,138.1379395
2013-06-20,134.7151031
2013-06-21,135.1475677
2013-06-24,133.4398193
2013-06-25,134.7227936
2013-06-26,136.0566406
2013-06-27,136.8552856
2013-06-28,136.2945251
2013-07-01,137.0931854
2013-07-02,136.965744
2013-07-03,137.025238
2013-07-05,138.5034943
2013-07-08,139.2936401
2013-07-09,140.2962036
2013-07-10,140.3471985
2013-07-11,142.2588196
2013-07-12,142.3182831
2013-07-15,142.8620453
2013-07-16,142.3267822
2013-07-17,142.6921082
2013-07-18,143.4737396
2013-07-19,143.7286377
2013-07-22,144.0090027
2013-07-23,143.703125
2013-07-24,143.1764069
2013-07-25,143.5247192
2013-07-26,143.6776276
2013-07-29,143.2358551
2013-07-30,143.2358551
2013-07-31,143.3378143
2013-08-01,144.9945526
2013-08-02,145.2409668
2013-08-05,145.0285187
2013-08-06,144.204422
2013-08-07,143.7371063
2013-08-08,144.263916
2013-08-09,143.8476105
2013-08-12,143.6776276
2013-08-13,144.1024628
2013-08-14,143.3632965
2013-08-15,141.3582153
2013-08-16,140.8909607
2013-08-19,139.9903259
2013-08-20,140.6785583
2013-08-21,139.8119354
2013-08-22,141.0863647
2013-08-23,141.5621643
2013-08-26,141.0354004
2013-08-27,138.766922
2013-08-28,139.2596588
2013-08-29,139.4805756
2013-08-30,139.0387878
2013-09-03,139.6674957
2013-09-04,140.8229523
2013-09-05,141.0014038
2013-09-06,141.0693359
2013-09-09,142.4202881
2013-09-10,143.4737396
2013-09-11,143.9240265
2013-09-12,143.541687
2013-09-13,143.8645782
2013-09-16,144.6971741
2013-09-17,145.3429413
2013-09-18,147.0251465
2013-09-19,146.7787476
2013-09-20,145.7525482
2013-09-23,145.078064
2013-09-24,144.7365723
2013-09-25,144.3182526
2013-09-26,144.8731689
2013-09-27,144.2072449
2013-09-30,143.4389038
2013-10-01,144.5743561
2013-10-02,144.4377289
2013-10-03,143.1059265
2013-10-04,144.1902008
2013-10-07,142.9436493
2013-10-08,141.2788849
2013-10-09,141.3813477
2013-10-10,144.4292145
2013-10-11,145.3597717
2013-10-14,145.9403381
2013-10-15,144.8817444
2013-10-16,146.9051208
2013-10-17,147.8868866
2013-10-18,148.885788
2013-10-21,148.8943329
2013-10-22,149.7566681
2013-10-23,149.0394745
2013-10-24,149.5346375
2013-10-25,150.2176971
2013-10-28,150.4567261
2013-10-29,151.2592316
2013-10-30,150.5079193
2013-10-31,150.0810089
2013-11-01,150.4396515
2013-11-04,150.9689636
2013-11-05,150.4908752
2013-11-06,151.2592316
2013-11-07,149.3468323
2013-11-08,151.3616943
2013-11-11,151.3873291
2013-11-12,151.0799866
2013-11-13,152.2922974
2013-11-14,153.0521545
2013-11-15,153.7180634
2013-11-18,153.1801453
2013-11-19,152.8471985
2013-11-20,152.3691406
2013-11-21,153.5985413
2013-11-22,154.3668671
2013-11-25,154.2132568
2013-11-26,154.2558746
2013-11-27,154.631546
2013-11-29,154.5291138
2013-12-02,154.1278534
2013-12-03,153.4618835
2013-12-04,153.4448242
2013-12-05,152.7704315
2013-12-06,154.4778595
2013-12-09,154.8706207
2013-12-10,154.3156738
2013-12-11,152.5825653
2013-12-12,152.0788422
2013-12-13,152.0617676
2013-12-16,153.0094604
2013-12-17,152.5227661
2013-12-18,155.1267395
2013-12-19,154.947464
2013-12-20,155.8487396
2013-12-23,156.681366
2013-12-24,157.0246735
2013-12-26,157.8230743
2013-12-27,157.8144989
2013-12-30,157.7887268
2013-12-31,158.5355072
2014-01-02,157.0161743
2014-01-03,156.9904175
2014-01-06,156.5354462
2014-01-07,157.4968567
2014-01-08,157.5312347
2014-01-09,157.634201
2014-01-10,158.0634003
2014-01-13,155.9602814
2014-01-14,157.6599274
2014-01-15,158.5097809
2014-01-16,158.3037415
2014-01-17,157.634201
2014-01-21,158.097702
2014-01-22,158.2007141
2014-01-23,156.9045715
2014-01-24,153.5568542
2014-01-27,152.8014374
2014-01-28,153.71138
2014-01-29,152.2349548
2014-01-30,153.8486633
2014-01-31,152.9473877
2014-02-03,149.5053101
2014-02-04,150.5524902
2014-02-05,150.3636169
2014-02-06,152.3465271
2014-02-07,154.2349548
2014-02-10,154.5181885
2014-02-11,156.209259
2014-02-12,156.2865295
2014-02-13,157.0934448
2014-02-14,157.9603729
2014-02-18,158.1492157
2014-02-19,157.102005
2014-02-20,158.0290833
2014-02-21,157.8488312
2014-02-24,158.7243805
2014-02-25,158.6642456
2014-02-26,158.6728668
2014-02-27,159.5055084
2014-02-28,159.9088745
2014-03-03,158.7844391
2014-03-04,161.0162964
2014-03-05,161.1621704
2014-03-06,161.53125
2014-03-07,161.5999146
2014-03-10,161.5141449
2014-03-11,160.7158051
2014-03-12,160.758728
2014-03-13,158.9560852
2014-03-14,158.5097809
2014-03-17,159.9432678
2014-03-18,161.0849152
2014-03-19,160.2265167
2014-03-20,161.1621704
2014-03-21,160.5370941
2014-03-24,159.8732452
2014-03-25,160.6319122
2014-03-26,159.476593
2014-03-27,159.1403809
2014-03-28,159.924942
2014-03-31,161.2354279
2014-04-01,162.3045654
2014-04-02,162.8477173
2014-04-03,162.6321716
2014-04-04,160.7095337
2014-04-07,158.9333954
2014-04-08,159.5887299
2014-04-09,161.3044434
2014-04-10,157.9161072
2014-04-11,156.493454
2014-04-14,157.7264099
2014-04-15,158.8126984
2014-04-16,160.4767303
2014-04-17,160.7009277
2014-04-21,161.2612915
2014-04-22,161.9941559
2014-04-23,161.6147766
2014-04-24,161.9424133
2014-04-25,160.6146698
2014-04-28,161.1233978
2014-04-29,161.8734589
2014-04-30,162.3562927
2014-05-01,162.3735657
2014-05-02,162.1407318
2014-05-05,162.4511108
2014-05-06,161.0371704
2014-05-07,161.9855499
2014-05-08,161.8131409
2014-05-09,162.0544586
2014-05-12,163.6322784
2014-05-13,163.7788849
2014-05-14,163.0028839
2014-05-15,161.5716705
2014-05-16,162.1320801
2014-05-19,162.7269897
2014-05-20,161.7010345
2014-05-21,163.0632629
2014-05-22,163.4598846
2014-05-23,164.1151123
2014-05-27,165.1239014
2014-05-28,165.0031738
2014-05-29,165.8567352
2014-05-30,166.1240234
2014-06-02,166.3136139
2014-06-03,166.2274475
2014-06-04,166.5636902
2014-06-05,167.6500702
2014-06-06,168.4518585
2014-06-09,168.6242523
2014-06-10,168.641571
2014-06-11,168.0552521
2014-06-12,166.8654938
2014-06-13,167.3741302
2014-06-16,167.5121002
2014-06-17,167.9776459
2014-06-18,169.2105408
2014-06-19,169.4002533
2014-06-20,169.7442017
2014-06-23,169.6922302
2014-06-24,168.6699219
2014-06-25,169.4322662
2014-06-26,169.3110046
2014-06-27,169.6401825
2014-06-30,169.5535736
2014-07-01,170.688385
2014-07-02,170.8616791
2014-07-03,171.7020874
2014-07-07,171.1042786
2014-07-08,170.0040436
2014-07-09,170.7664032
2014-07-10,170.090683
2014-07-11,170.324585
2014-07-14,171.1822968
2014-07-15,170.8616791
2014-07-16,171.4940948
2014-07-17,169.5449371
2014-07-18,171.2775574
2014-07-21,170.9570313
2014-07-22,171.7020874
2014-07-23,172.0832367
2014-07-24,172.0919037
2014-07-25,171.2861938
2014-07-28,171.355484
2014-07-29,170.6191559
2014-07-30,170.6450958
2014-07-31,167.2752075
2014-08-01,166.7640839
2014-08-04,167.9682465
2014-08-05,166.3396149
2014-08-06,166.3915558
2014-08-07,165.4905853
2014-08-08,167.4051361
2014-08-11,167.8902893
2014-08-12,167.6563721
2014-08-13,168.7911987
2014-08-14,169.5882263
2014-08-15,169.5535736
2014-08-18,170.9743347
2014-08-19,171.8666382
2014-08-20,172.3257751
2014-08-21,172.8282623
2014-08-22,172.5596924
2014-08-25,173.4346466
2014-08-26,173.5472565
2014-08-27,173.4779816
2014-08-28,173.3826752
2014-08-29,173.8765106
2014-09-02,173.7898102
2014-09-03,173.6945648
2014-09-04,173.4433289
2014-09-05,174.2229614
2014-09-08,173.7725525
2014-09-09,172.6722717
2014-09-10,173.322052
2014-09-11,173.5212555
2014-09-12,172.5077209
2014-09-15,172.3777618
2014-09-16,173.6772156
2014-09-17,173.9111176
2014-09-18,174.8380432
2014-09-19,174.6804962
2014-09-22,173.3314667
2014-09-23,172.3392639
2014-09-24,173.6883087
2014-09-25,170.8857727
2014-09-26,172.2435303
2014-09-29,171.9301758
2014-09-30,171.4776154
2014-10-01,169.1537323
2014-10-02,169.1799011
2014-10-03,171.04245
2014-10-06,170.8422699
2014-10-07,168.2051086
2014-10-08,171.1468353
2014-10-09,167.7524567
2014-10-10,165.8377228
2014-10-13,163.1135254
2014-10-14,163.3659058
2014-10-15,162.2605438
2014-10-16,162.1213074
2014-10-17,164.0360718
2014-10-20,165.6288147
2014-10-21,168.9100647
2014-10-22,167.7089691
2014-10-23,169.6585388
2014-10-24,170.9640961
2014-10-27,170.7291107
2014-10-28,172.6873932
2014-10-29,172.4263306
2014-10-30,173.531662
2014-10-31,175.5160675
2014-11-03,175.6118164
2014-11-04,175.0025787
2014-11-05,176.1078949
2014-11-06,176.8128967
2014-11-07,176.9782715
2014-11-10,177.5353241
2014-11-11,177.7093506
2014-11-12,177.5178833
2014-11-13,177.7180786
2014-11-14,177.7615814
2014-11-17,177.8746796
2014-11-18,178.9017639
2014-11-19,178.6145782
2014-11-20,178.9279175
2014-11-21,179.8852844
2014-11-24,180.3900909
2014-11-25,180.259491
2014-11-26,180.7208099
2014-11-28,180.3378296
2014-12-01,179.0845337
2014-12-02,180.2420654
2014-12-03,180.938385
2014-12-04,180.7382202
2014-12-05,181.0341797
2014-12-08,179.8243103
2014-12-09,179.7024689
2014-12-10,176.8216095
2014-12-11,177.7180786
2014-12-12,174.8458862
2014-12-15,173.6448059
2014-12-16,172.252243
2014-12-17,175.6292114
2014-12-18,179.97229
2014-12-19,180.7380524
2014-12-22,181.5694275
2014-12-23,181.8144989
2014-12-24,181.8319855
2014-12-26,182.418396
2014-12-29,182.6634369
2014-12-30,181.6832428
2014-12-31,179.8804016
2015-01-02,179.7840881
2015-01-05,176.537262
2015-01-06,174.8744965
2015-01-07,177.0536499
2015-01-08,180.1953888
2015-01-09,178.7514343
2015-01-12,177.3512115
2015-01-13,176.8523712
2015-01-14,175.7846527
2015-01-15,174.1743469
2015-01-16,176.4585266
2015-01-20,176.8348541
2015-01-21,177.7275238
2015-01-22,180.3704681
2015-01-23,179.381546
2015-01-26,179.8016205
2015-01-27,177.4299622
2015-01-28,175.1545563
2015-01-29,176.7735443
2015-01-30,174.5506592
2015-02-02,176.7123108
2015-02-03,179.2677765
2015-02-04,178.5851593
2015-02-05,180.3879852
2015-02-06,179.8891449
2015-02-09,179.0840149
2015-02-10,180.9918518
2015-02-11,181.0968781
2015-02-12,182.8384552
2015-02-13,183.591095
2015-02-17,183.8799133
2015-02-18,183.8973999
2015-02-19,183.7661285
2015-02-20,184.8688202
2015-02-23,184.8425293
2015-02-24,185.3676453
2015-02-25,185.210144
2015-02-26,184.9913025
2015-02-27,184.3612518
2015-03-02,185.5252228
2015-03-03,184.7637634
2015-03-04,183.9848785
2015-03-05,184.1861877
2015-03-06,181.5957031
2015-03-09,182.3483582
2015-03-10,179.3903351
2015-03-11,178.9702148
2015-03-12,181.2456818
2015-03-13,180.1341705
2015-03-16,182.5408783
2015-03-17,181.9983521
2015-03-18,184.1861877
2015-03-19,183.3460541
2015-03-20,184.964386
2015-03-23,184.6039886
2015-03-24,183.5666504
2015-03-25,180.87677
2015-03-26,180.4460297
2015-03-27,180.8592072
2015-03-30,183.0656281
2015-03-31,181.465683
2015-04-01,180.8239899
2015-04-02,181.4744873
2015-04-06,182.6964417
2015-04-07,182.2129364
2015-04-08,182.8282623
2015-04-09,183.6370239
2015-04-10,184.6391602
2015-04-13,183.8040466
2015-04-14,184.1556702
2015-04-15,184.9819641
2015-04-16,184.929245
2015-04-17,182.8018951
2015-04-20,184.4721069
2015-04-21,184.2523651
2015-04-22,185.1577759
2015-04-23,185.6237183
2015-04-24,186.0544586
2015-04-27,185.2808533
2015-04-28,185.8698425
2015-04-29,185.105072
2015-04-30,183.2501984
2015-05-01,185.2369232
2015-05-04,185.7644043
2015-05-05,183.6370239
2015-05-06,182.8810272
2015-05-07,183.610611
2015-05-08,186.0280914
2015-05-11,185.1402283
2015-05-12,184.5863953
2015-05-13,184.6215668
2015-05-14,186.5467072
2015-05-15,186.7488861
2015-05-18,187.3291168
2015-05-19,187.2675323
2015-05-20,187.1357117
2015-05-21,187.6807098
2015-05-22,187.2323761
2015-05-26,185.2193146
2015-05-27,186.9774933
2015-05-28,186.7664948
2015-05-29,185.6061554
2015-06-01,185.9841309
2015-06-02,185.7995453
2015-06-03,186.2918091
2015-06-04,184.7182617
2015-06-05,184.4018097
2015-06-08,183.2677917
2015-06-09,183.2414246
2015-06-10,185.4390717
2015-06-11,186.0368805
2015-06-12,184.6127472
2015-06-15,183.8215637
2015-06-16,184.8237305
2015-06-17,185.1226501
2015-06-18,187.04776
2015-06-19,186.2174377
2015-06-22,187.1714478
2015-06-23,187.3039398
2015-06-24,185.9436035
2015-06-25,185.3783112
2015-06-26,185.3429413
2015-06-29,181.4562683
2015-06-30,181.8360596
2015-07-01,183.2935333
2015-07-02,183.1257629
2015-07-06,182.6045837
2015-07-07,183.7528839
2015-07-08,180.6700439
2015-07-09,180.9969025
2015-07-10,183.2759247
2015-07-13,185.2987671
2015-07-14,186.1025696
2015-07-15,186.0407867
2015-07-16,187.5336761
2015-07-17,187.6925964
2015-07-20,187.7897949
2015-07-21,187.04776
2015-07-22,186.7120819
2015-07-23,185.6609497
2015-07-24,183.73526
2015-07-27,182.6664124
2015-07-28,184.9101105
2015-07-29,186.1821136
2015-07-30,186.2262878
2015-07-31,185.9436035
2015-08-03,185.3164368
2015-08-04,184.9542999
2015-08-05,185.5637817
2015-08-06,184.0444183
2015-08-07,183.6910858
2015-08-10,186.0054474
2015-08-11,184.3270874
2015-08-12,184.5479279
2015-08-13,184.3182983
2015-08-14,184.9896393
2015-08-17,186.0231018
2015-08-18,185.4842682
2015-08-19,184.0179138
2015-08-20,180.1753998
2015-08-21,174.7516327
2015-08-24,167.3934174
2015-08-25,165.423584
2015-08-26,171.7748108
2015-08-27,176.0236664
2015-08-28,176.0325012
2015-08-31,174.6102753
2015-09-01,169.3986206
2015-09-02,172.6140137
2015-09-03,172.7376556
2015-09-04,170.1229706
2015-09-08,174.3983154
2015-09-09,172.06633
2015-09-10,173.0026245
2015-09-11,173.7888184
2015-09-14,173.1439972
2015-09-15,175.3082123
2015-09-16,176.8274841
2015-09-17,176.4300079
2015-09-18,173.5469055
2015-09-21,174.4436951
2015-09-22,172.1794434
2015-09-23,171.9042664
2015-09-24,171.2826233
2015-09-25,171.238266
2015-09-28,166.9406433
2015-09-29,167.0382843
2015-09-30,170.154953
2015-10-01,170.598938
2015-10-02,173.1472931
2015-10-05,176.2284546
2015-10-06,175.6246185
2015-10-07,177.0631409
2015-10-08,178.6613922
2015-10-09,178.7678986
2015-10-12,178.9366455
2015-10-13,177.8089905
2015-10-14,176.956604
2015-10-15,179.6736755
2015-10-16,180.4905243
2015-10-19,180.5793152
2015-10-20,180.3484802
2015-10-21,179.2296753
2015-10-22,182.2574615
2015-10-23,184.2553864
2015-10-26,183.8025513
2015-10-27,183.4473877
2015-10-28,185.5340118
2015-10-29,185.4274597
2015-10-30,184.6282959
2015-11-02,186.8126068
2015-11-03,187.3542938
2015-11-04,186.7859192
2015-11-05,186.5994873
2015-11-06,186.5018463
2015-11-09,184.7614899
2015-11-10,185.1877289
2015-11-11,184.45961
2015-11-12,181.8845673
2015-11-13,179.8423157
2015-11-16,182.5771637
2015-11-17,182.443985
2015-11-18,185.3386536
2015-11-19,185.1788483
2015-11-20,185.8536224
2015-11-23,185.6405487
2015-11-24,185.8891754
2015-11-25,185.8625641
2015-11-27,186.0756378
2015-11-30,185.3031464
2015-12-01,187.0700836
2015-12-02,185.1610718
2015-12-03,182.5682678
2015-12-04,186.1289063
2015-12-07,185.0012512
2015-12-08,183.7581329
2015-12-09,182.3285828
2015-12-10,182.7991791
2015-12-11,179.2563171
2015-12-14,180.1620331
2015-12-15,182.0533142
2015-12-16,184.7171326
2015-12-17,181.9023438
2015-12-18,178.6617737
2015-12-21,180.1355743
2015-12-22,181.7701874
2015-12-23,184.0210419
2015-12-24,183.7173462
2015-12-28,183.2975769
2015-12-29,185.2536926
2015-12-30,183.9406891
2015-12-31,182.1006622
2016-01-04,179.5549774
2016-01-05,179.8586731
2016-01-06,177.5899048
2016-01-07,173.3292389
2016-01-08,171.4266663
2016-01-11,171.5963898
2016-01-12,172.980896
2016-01-13,168.6665955
2016-01-14,171.4356232
2016-01-15,167.7555084
2016-01-19,167.9788666
2016-01-20,165.8261871
2016-01-21,166.7551575
2016-01-22,170.1761627
2016-01-25,167.6037292
2016-01-26,169.8903351
2016-01-27,168.0413666
2016-01-28,168.9167328
2016-01-29,173.0344543
2016-02-01,172.9719391
2016-02-02,169.8545837
2016-02-03,170.8728943
2016-02-04,171.1408539
2016-02-05,167.8806152
2016-02-08,165.6207733
2016-02-09,165.6296997
2016-02-10,165.4867859
2016-02-11,163.3340912
2016-02-12,166.7015381
2016-02-16,169.5152283
2016-02-17,172.2841492
2016-02-18,171.5784912
2016-02-19,171.4981537
2016-02-22,173.9812775
2016-02-23,171.7839355
2016-02-24,172.5700073
2016-02-25,174.6601257
2016-02-26,174.2581635
2016-02-29,172.8915863
2016-03-01,176.9557343
2016-03-02,177.7506866
2016-03-03,178.4473267
2016-03-04,179.0279999
2016-03-07,179.1709137
2016-03-08,177.2147522
2016-03-09,178.0901031
2016-03-10,178.2330322
2016-03-11,181.1091156
2016-03-14,180.8769226
2016-03-15,180.5821686
2016-03-16,181.6272583
2016-03-17,182.7795258
2016-03-18,183.4977875
2016-03-21,183.7580872
2016-03-22,183.6593475
2016-03-23,182.4473114
2016-03-24,182.3665009
2016-03-28,182.4742279
2016-03-29,184.1621399
2016-03-30,184.9701538
2016-03-31,184.5212402
2016-04-01,185.7782135
2016-04-04,185.1766663
2016-04-05,183.3271027
2016-04-06,185.3293152
2016-04-07,183.1117096
2016-04-08,183.605484
2016-04-11,183.1744995
2016-04-12,184.8803864
2016-04-13,186.7479095
2016-04-14,186.7568207
2016-04-15,186.5503693
2016-04-18,187.8612213
2016-04-19,188.4537354
2016-04-20,188.6333008
2016-04-21,187.6187897
2016-04-22,187.6187897
2016-04-25,187.2955322
2016-04-26,187.5738831
2016-04-27,187.9599304
2016-04-28,186.2540894
2016-04-29,185.2485046
2016-05-02,186.7209167
2016-05-03,185.0958557
2016-05-04,184.0633545
2016-05-05,184.0274353
2016-05-06,184.7008209
2016-05-09,184.8535004
2016-05-10,187.151886
2016-05-11,185.401123
2016-05-12,185.4550018
2016-05-13,183.8388977
2016-05-16,185.6525421
2016-05-17,183.919693
2016-05-18,183.9736023
2016-05-19,183.3361511
2016-05-20,184.4943085
2016-05-23,184.2429504
2016-05-24,186.6311493
2016-05-25,187.8970947
2016-05-26,187.950943
2016-05-27,188.7590179
2016-05-31,188.3998871
2016-06-01,188.7859955
2016-06-02,189.3605957
2016-06-03,188.7948914
2016-06-06,189.7556152
2016-06-07,190.0518646
2016-06-08,190.6713562
2016-06-09,190.411026
2016-06-10,188.6063995
2016-06-13,187.151886
2016-06-14,186.783783
2016-06-15,186.5234222
2016-06-16,187.0800934
2016-06-17,186.3833618
2016-06-20,187.5836792
2016-06-21,188.1161041
2016-06-22,187.8093262
2016-06-23,190.2550201
2016-06-24,183.423172
2016-06-27,180.1380463
2016-06-28,183.387085
2016-06-29,186.5097046
2016-06-30,189.0547333
2016-07-01,189.4518433
2016-07-05,188.0890808
2016-07-06,189.2172089
2016-07-07,189.0998535
2016-07-08,191.9156342
2016-07-11,192.5925293
2016-07-12,193.991394
2016-07-13,193.964325
2016-07-14,195.047348
2016-07-15,194.7855835
2016-07-18,195.3090515
2016-07-19,195.1105042
2016-07-20,195.9227295
2016-07-21,195.1826935
2016-07-22,196.0580902
2016-07-25,195.5256042
2016-07-26,195.6158752
2016-07-27,195.4083252
2016-07-28,195.6339264
2016-07-29,195.9498138
2016-08-01,195.7873383
2016-08-02,194.5328979
2016-08-03,195.1014557
2016-08-04,195.3090515
2016-08-05,196.9064026
2016-08-08,196.7891083
2016-08-09,196.9064026
2016-08-10,196.4190674
2016-08-11,197.3305969
2016-08-12,197.1591644
2016-08-15,197.7276917
2016-08-16,196.7079315
2016-08-17,197.0779266
2016-08-18,197.5201569
2016-08-19,197.2313232
2016-08-22,197.2223053
2016-08-23,197.6194305
2016-08-24,196.6086121
2016-08-25,196.4732513
2016-08-26,196.1032104
2016-08-29,197.0689087
2016-08-30,196.7440186
2016-08-31,196.1844482
2016-09-01,196.193512
2016-09-02,197.0779266
2016-09-06,197.6735535
2016-09-07,197.6555023
2016-09-08,197.2042694
2016-09-09,192.4842072
2016-09-12,195.2458649
2016-09-13,192.4391174
2016-09-14,192.3668671
2016-09-15,194.2892303
2016-09-16,193.538147
2016-09-19,193.5744476
2016-09-20,193.5835266
2016-09-21,195.760437
2016-09-22,196.9940338
2016-09-23,195.9146576
2016-09-26,194.3272858
2016-09-27,195.5336914
2016-09-28,196.5041809
2016-09-29,194.7263641
2016-09-30,196.195816
2016-10-03,195.7241974
2016-10-04,194.7263641
2016-10-05,195.5881195
2016-10-06,195.7241974
2016-10-07,195.0529022
2016-10-10,196.0688324
2016-10-11,193.5925598
2016-10-12,193.8466034
2016-10-13,193.2116394
2016-10-14,193.3114166
2016-10-17,192.6401825
2016-10-18,193.8466034
2016-10-19,194.3635712
2016-10-20,194.0007782
2016-10-21,194.0914459
2016-10-24,194.9168549
2016-10-25,194.2638245
2016-10-26,193.8737946
2016-10-27,193.3567657
2016-10-28,192.7853394
2016-10-31,192.7943573
2016-11-01,191.3974915
2016-11-02,190.2455444
2016-11-03,189.3747711
2016-11-04,189.1661682
2016-11-07,193.3385773
2016-11-08,194.2093658
2016-11-09,196.2683868
2016-11-10,196.7582092
2016-11-11,196.3046722
2016-11-14,196.4588623
2016-11-15,197.9917755
2016-11-16,197.6198883
2016-11-17,198.6358032
2016-11-18,198.1913605
2016-11-21,199.6880035
2016-11-22,200.078064
2016-11-23,200.1869049
2016-11-25,200.9306335
2016-11-28,199.9873352
2016-11-29,200.3773499
2016-11-30,199.896637
2016-12-01,199.1618958
2016-12-02,199.2617035
2016-12-05,200.4589996
2016-12-06,201.0939331
2016-12-07,203.7244263
2016-12-08,204.2232819
2016-12-09,205.4568329
2016-12-12,205.2210083
2016-12-13,206.5906525
2016-12-14,204.8854218
2016-12-15,205.7289429
2016-12-16,205.3265991
2016-12-19,205.7736816
2016-12-20,206.5674133
2016-12-21,205.9926605
2016-12-22,205.6368561
2016-12-23,205.9379425
2016-12-27,206.4488525
2016-12-28,204.7426453
2016-12-29,204.697052
2016-12-30,203.9488831
2017-01-03,205.5090942
2017-01-04,206.7317047
2017-01-05,206.5674133
2017-01-06,207.3065491
2017-01-09,206.6222076
2017-01-10,206.6222076
2017-01-11,207.2061462
2017-01-12,206.6860809
2017-01-13,207.1605225
2017-01-17,206.430603
2017-01-18,206.8868256
2017-01-19,206.1204071
2017-01-20,206.8777008
2017-01-23,206.3393707
2017-01-24,207.662384
2017-01-25,209.4597778
2017-01-26,209.2407837
2017-01-27,208.9123535
2017-01-30,207.6167145
2017-01-31,207.598526
2017-02-01,207.680603
2017-02-02,207.8174896
2017-02-03,209.249939
2017-02-06,208.8758698
2017-02-07,208.885025
2017-02-08,209.1586914
2017-02-09,210.3995514
2017-02-10,211.2298584
2017-02-13,212.3795166
2017-02-14,213.2280273
2017-02-15,214.3411102
2017-02-16,214.1586609
2017-02-17,214.4962311
2017-02-21,215.7735748
2017-02-22,215.5820007
2017-02-23,215.7279968
2017-02-24,216.0016632
2017-02-27,216.3392944
2017-02-28,215.7553406
2017-03-01,218.7754211
2017-03-02,217.3976746
2017-03-03,217.5345154
2017-03-06,216.886734
2017-03-07,216.2389069
2017-03-08,215.8374634
2017-03-09,216.1111755
2017-03-10,216.8684387
2017-03-13,216.9779816
2017-03-14,216.1477051
2017-03-15,218.0180969
2017-03-16,217.5892944
2017-03-17,217.2071686
2017-03-20,216.9688873
2017-03-21,214.1831207
2017-03-22,214.6871033
2017-03-23,214.4580688
2017-03-24,214.3022614
2017-03-27,214.0823059
2017-03-28,215.6401672
2017-03-29,215.8417206
2017-03-30,216.5289917
2017-03-31,216.0250549
2017-04-03,215.6493225
2017-04-04,215.7867584
2017-04-05,215.1453247
2017-04-06,215.7501221
2017-04-07,215.5301819
2017-04-10,215.658493
2017-04-11,215.4019012
2017-04-12,214.4580688
2017-04-13,213.065155
2017-04-17,214.9528809
2017-04-18,214.3114014
2017-04-19,213.9173889
2017-04-20,215.658493
2017-04-21,214.9712372
2017-04-24,217.3354797
2017-04-25,218.6000366
2017-04-26,218.4625702
2017-04-27,218.6458588
2017-04-28,218.169342
2017-05-01,218.7191467
2017-05-02,218.8016357
2017-05-03,218.5358734
2017-05-04,218.79245
2017-05-05,219.6538391
2017-05-08,219.6171875
2017-05-09,219.4155731
2017-05-10,219.8096161
2017-05-11,219.3606262
2017-05-12,218.9940643
2017-05-15,220.2037048
2017-05-16,220.0020905
2017-05-17,216.0983429
2017-05-18,216.9688873
2017-05-19,218.3800964
2017-05-22,219.4889374
2017-05-23,219.9746094
2017-05-24,220.4877319
2017-05-25,221.5415955
2017-05-26,221.4957733
2017-05-30,221.3033142
2017-05-31,221.2483215
2017-06-01,223.007782
2017-06-02,223.7500153
2017-06-05,223.585083
2017-06-06,222.8703308
2017-06-07,223.2826691
2017-06-08,223.3926392
2017-06-09,223.0536041
2017-06-12,223.007782
2017-06-13,224.0982971
2017-06-14,223.8141632
2017-06-15,223.3834839
2017-06-16,223.4322662
2017-06-19,225.2923584
2017-06-20,223.7730103
2017-06-21,223.7177429
2017-06-22,223.6164703
2017-06-23,223.8834839
2017-06-26,224.0308533
2017-06-27,222.2259827
2017-06-28,224.2149963
2017-06-29,222.2444305
2017-06-30,222.6587982
2017-07-03,223.0363159
2017-07-05,223.5520172
2017-07-06,221.5077362
2017-07-07,222.9442596
2017-07-10,223.1836853
2017-07-11,223.0179291
2017-07-12,224.6938477
2017-07-13,225.0713654
2017-07-14,226.1211395
2017-07-17,226.0935059
2017-07-18,226.2132263
2017-07-19,227.4379578
2017-07-20,227.5392456
2017-07-21,227.3366547
2017-07-24,227.2814026
2017-07-25,227.8338928
2017-07-26,227.8431091
2017-07-27,227.6313171
2017-07-28,227.3642883
2017-07-31,227.2353668
2017-08-01,227.741806
2017-08-02,227.8522949
2017-08-03,227.4102631
2017-08-04,227.8246918
2017-08-07,228.2482605
2017-08-08,227.6865234
2017-08-09,227.6773529
2017-08-10,224.463623
2017-08-11,224.7950897
2017-08-14,227.0235748
2017-08-15,226.9959259
2017-08-16,227.3919067
2017-08-17,223.8466492
2017-08-18,223.4967957
2017-08-21,223.6716766
2017-08-22,226.0106506
2017-08-23,225.2003174
2017-08-24,224.675415
2017-08-25,225.2003174
2017-08-28,225.2095337
2017-08-29,225.4673615
2017-08-30,226.5354919
2017-08-31,227.8983154
2017-09-01,228.2206421
2017-09-05,226.581543
2017-09-06,227.3550568
2017-09-07,227.3274231
2017-09-08,227.0603943
2017-09-11,229.4822083
2017-09-12,230.255722
2017-09-13,230.3661957
2017-09-14,230.2925415
2017-09-15,230.6025848
2017-09-18,231.0930176
2017-09-19,231.3243866
2017-09-20,231.4076691
2017-09-21,230.7876282
2017-09-22,230.8338776
2017-09-25,230.3619232
2017-09-26,230.5007477
2017-09-27,231.3984375
2017-09-28,231.6760254
2017-09-29,232.490387
2017-10-02,233.4990845
2017-10-03,233.9987946
2017-10-04,234.276413
2017-10-05,235.6645813
2017-10-06,235.3961945
2017-10-09,235.0074768
2017-10-10,235.6275177
2017-10-11,235.9976959
2017-10-12,235.6460114
2017-10-13,235.9329376
2017-10-16,236.2475433
2017-10-17,236.4141083
2017-10-18,236.645462
2017-10-19,236.7102051
2017-10-20,237.931778
2017-10-23,237.0063324
2017-10-24,237.4227905
2017-10-25,236.2475433
2017-10-26,236.5529175
2017-10-27,238.4870148
2017-10-30,237.5986176
2017-10-31,237.9687805
2017-11-01,238.2834167
2017-11-02,238.3759613
2017-11-03,239.1718445
2017-11-06,239.5420227
2017-11-07,239.3754272
2017-11-08,239.7825928
2017-11-09,238.912735
2017-11-10,238.8386841
2017-11-13,239.060791
2017-11-14,238.5055695
2017-11-15,237.3117523
2017-11-16,239.3291626
2017-11-17,238.6258392
2017-11-20,239.032959
2017-11-21,240.5969696
2017-11-22,240.3841553
2017-11-24,240.9393616
2017-11-27,240.8190918
2017-11-28,243.2621307
2017-11-29,243.1140747
2017-11-30,245.2425232
2017-12-01,244.7335205
2017-12-04,244.4374542
2017-12-05,243.5582733
2017-12-06,243.6045227
2017-12-07,244.3726196
2017-12-08,245.7052612
2017-12-11,246.4455566
2017-12-12,246.8805084
2017-12-13,246.8527222
2017-12-14,245.8440552
2017-12-15,247.8913116
2017-12-18,249.4632263
2017-12-19,248.505188
2017-12-20,248.3749542
2017-12-21,248.8864594
2017-12-22,248.8213654
2017-12-26,248.5236969
2017-12-27,248.6446838
2017-12-28,249.1562653
2017-12-29,248.2168121
2018-01-02,249.9934235
2018-01-03,251.5746613
2018-01-04,252.6349792
2018-01-05,254.3185425
2018-01-08,254.7836456
2018-01-09,255.3603363
2018-01-10,254.9696198
2018-01-11,256.829895
2018-01-12,258.5041199
2018-01-16,257.6204834
2018-01-17,260.0760803
2018-01-18,259.638916
2018-01-19,260.8201294
2018-01-22,262.9409485
2018-01-23,263.4990234
2018-01-24,263.3966675
2018-01-25,263.5083008
2018-01-26,266.5592041
2018-01-29,264.7919006
2018-01-30,262.0758667
2018-01-31,262.2060242
2018-02-01,261.9085083
2018-02-02,256.2067566
2018-02-05,245.4915161
2018-02-06,250.3282318
2018-02-07,248.9702759
2018-02-08,239.6316376
2018-02-09,243.2312775
2018-02-12,246.8029938
2018-02-13,247.4169312
2018-02-14,250.756134
2018-02-15,253.95578
2018-02-16,254.0301666
2018-02-20,252.439682
2018-02-21,251.1839752
2018-02-22,251.509552
2018-02-23,255.5183563
2018-02-26,258.4855347
2018-02-27,255.2579651
2018-02-28,252.6722107
2018-03-01,248.9981689
2018-03-02,250.2816772
2018-03-05,253.1745148
2018-03-06,253.8162384
2018-03-07,253.7233124
2018-03-08,254.9510345
2018-03-09,259.3878174
2018-03-12,259.0622253
2018-03-13,257.3880005
2018-03-14,256.0671692
2018-03-15,255.7881775
2018-03-16,256.0654907
2018-03-19,252.6008759
2018-03-20,253.0304565
2018-03-21,252.5448151
2018-03-22,246.2319489
2018-03-23,240.9835815
2018-03-26,247.5766602
2018-03-27,243.364975
2018-03-28,242.6458435
2018-03-29,245.7462769
2018-04-02,240.4419556
2018-04-03,243.5237122
2018-04-04,246.1291962
2018-04-05,248.0716553
2018-04-06,242.5431519
2018-04-09,243.7384949
2018-04-10,247.6140442
2018-04-11,246.3159943
2018-04-12,248.342453
2018-04-13,247.6140442
2018-04-16,249.6497955
2018-04-17,252.3207245
2018-04-18,252.5074921
2018-04-19,251.1067352
2018-04-20,248.9774628
2018-04-23,248.9401245
2018-04-24,245.5875397
2018-04-25,246.1945648
2018-04-26,248.6973419
2018-04-27,248.9307709
2018-04-30,247.0163574
2018-05-01,247.4552917
2018-05-02,245.7930298
2018-05-03,245.2513733
2018-05-04,248.4265442
2018-05-07,249.2669525
2018-05-08,249.2669525
2018-05-09,251.6763306
2018-05-10,254.0296783
2018-05-11,254.8047333
2018-05-14,254.9262085
2018-05-15,253.170517
2018-05-16,254.2351379
2018-05-17,254.0203552
2018-05-18,253.385376
2018-05-21,255.290451
2018-05-22,254.580658
2018-05-23,255.2810211
2018-05-24,254.7580872
2018-05-25,254.151062
2018-05-29,251.2281189
2018-05-30,254.580658
2018-05-31,253.0211639
2018-06-01,255.505188
2018-06-04,256.7191772
2018-06-05,256.9059753
2018-06-06,259.0538635
2018-06-07,259.0258179
2018-06-08,259.7915649
2018-06-11,260.1371765
2018-06-12,260.4733582
2018-06-13,259.6422424
2018-06-14,260.2958984
2018-06-15,259.9638062
2018-06-18,259.4291687
2018-06-19,258.4347839
2018-06-20,258.8757019
2018-06-21,257.2528992
2018-06-22,257.7219238
2018-06-25,254.213562
2018-06-26,254.7763824
2018-06-27,252.665741
2018-06-28,254.1104126
2018-06-29,254.4761658
2018-07-02,255.0202637
2018-07-03,254.1197205
2018-07-05,256.1928406
2018-07-06,258.3598022
2018-07-09,260.6861877
2018-07-10,261.624176
2018-07-11,259.7105103
2018-07-12,262.065094
2018-07-13,262.2714233
2018-07-16,262.0370178
2018-07-17,263.0970459
2018-07-18,263.6504211
2018-07-19,262.6560974
2018-07-20,262.355896
2018-07-23,262.8436584
2018-07-24,264.1663513
2018-07-25,266.4177551
2018-07-26,265.7891541
2018-07-27,263.9880981
2018-07-30,262.6091919
2018-07-31,263.9036865
2018-08-01,263.4628296
2018-08-02,264.8980103
2018-08-03,266.0330505
2018-08-06,267.008606
2018-08-07,267.8904419
2018-08-08,267.7778625
2018-08-09,267.4120178
2018-08-10,265.6203003
2018-08-13,264.6260071
2018-08-14,266.3144836
2018-08-15,264.3258057
2018-08-16,266.4645691
2018-08-17,267.4026184
2018-08-20,267.9749146
2018-08-21,268.603363
2018-08-22,268.4438477
2018-08-23,268.0873718
2018-08-24,269.7009277
2018-08-27,271.8302612
2018-08-28,271.9615784
2018-08-29,273.4249573
2018-08-30,272.3180237
2018-08-31,272.3273926
2018-09-04,271.8583679
2018-09-05,271.12677
2018-09-06,270.3105774
2018-09-07,269.7853088
2018-09-10,270.2543945
2018-09-11,271.1454773
2018-09-12,271.2111511
2018-09-13,272.8152466
2018-09-14,272.8621521
2018-09-17,271.417511
2018-09-18,272.8902893
2018-09-19,273.1811218
2018-09-20,275.3948669
2018-09-21,275.1432495
2018-09-24,274.229248
2018-09-25,273.9748535
2018-09-26,273.1550293
2018-09-27,273.9183044
2018-09-28,273.9465942
2018-10-01,274.8982544
2018-10-02,274.7381287
2018-10-03,274.8888245
2018-10-04,272.740448
2018-10-05,271.2138672
2018-10-08,271.2138672
2018-10-09,270.8180542
2018-10-10,262.2431641
2018-10-11,256.4667664
2018-10-12,260.028717
2018-10-15,258.5681458
2018-10-16,264.2219543
2018-10-17,264.269043
2018-10-18,260.4527283
2018-10-19,260.3113708
2018-10-22,259.1429138
2018-10-23,257.8237915
2018-10-24,250.0120544
2018-10-25,254.4973907
2018-10-26,250.0214233
2018-10-29,248.636261
2018-10-30,252.3206635
2018-10-31,255.0156555
2018-11-01,257.7295227
2018-11-02,256.2029419
2018-11-05,257.6164551
2018-11-06,259.2466125
2018-11-07,264.796814
2018-11-08,264.3162231
2018-11-09,261.7342834
2018-11-12,256.84375
2018-11-13,256.3632202
2018-11-14,254.6105499
2018-11-15,257.2677917
2018-11-16,257.9368286
2018-11-19,253.5739746
2018-11-20,248.8813019
2018-11-21,249.7292786
2018-11-23,248.0614929
2018-11-26,252.0662689
2018-11-27,252.9143219
2018-11-28,258.737793
2018-11-29,258.1724243
2018-11-30,259.7460327
2018-12-03,263.1854248
2018-12-04,254.6575928
2018-12-06,254.271225
2018-12-07,248.3630371
2018-12-10,248.8342285
2018-12-11,248.8907166
2018-12-12,250.1439514
2018-12-13,250.0591583
2018-12-14,245.441864
2018-12-17,240.626709
2018-12-18,240.362854
2018-12-19,236.7632599
2018-12-20,232.9092102
2018-12-21,228.1370239
2018-12-24,222.1089783
2018-12-26,233.3310089
2018-12-27,235.1223755
2018-12-28,234.8190765
2018-12-31,236.8758087
2019-01-02,237.1222382
2019-01-03,231.4638214
2019-01-04,239.2169037
2019-01-07,241.1030426
2019-01-08,243.3682709
2019-01-09,244.5056305
2019-01-10,245.3681641
2019-01-11,245.4629517
2019-01-14,243.9654083
2019-01-15,246.7614441
2019-01-16,247.358551
2019-01-17,249.2352448
2019-01-18,252.552536
2019-01-22,249.1404266
2019-01-23,249.6617584
2019-01-24,249.7944183
2019-01-25,251.90802
2019-01-28,249.9934845
2019-01-29,249.6617584
2019-01-30,253.6140289
2019-01-31,255.8414001
2019-02-01,255.9646301
2019-02-04,257.7654419
2019-02-05,258.8459473
2019-02-06,258.5046997
2019-02-07,256.0404358
2019-02-08,256.3532104
2019-02-11,256.4953613
2019-02-12,259.7937927
2019-02-13,260.6372986
2019-02-14,260.0592041
2019-02-15,262.8930664
2019-02-19,263.3479919
2019-02-20,263.8787842
2019-02-21,262.9404907
2019-02-22,264.5707092
2019-02-25,264.9308472
2019-02-26,264.7413635
2019-02-27,264.6275635
2019-02-28,264.1346741
2019-03-01,265.783905
2019-03-04,264.8171082
2019-03-05,264.4569397
2019-03-06,262.8551636
2019-03-07,260.6562805
2019-03-08,260.1349792
2019-03-11,263.907196
2019-03-12,264.9024048
2019-03-13,266.6558838
2019-03-14,266.4852905
2019-03-15,267.8018799
2019-03-18,268.7728577
2019-03-19,268.8395386
2019-03-20,268.0303345
2019-03-21,271.0576477
2019-03-22,265.8407593
2019-03-25,265.6408997
2019-03-26,267.6210022
2019-03-27,266.2215576
2019-03-28,267.2307129
2019-03-29,268.915741
2019-04-01,272.1048279
2019-04-02,272.2381592
2019-04-03,272.6665344
2019-04-04,273.3899536
2019-04-05,274.7132568
2019-04-08,274.9227295
2019-04-09,273.5137329
2019-04-10,274.4467468
2019-04-11,274.3705444
2019-04-12,276.2268677
2019-04-15,276.0460205
2019-04-16,276.2268677
2019-04-17,275.5510559
2019-04-18,276.0935669
2019-04-22,276.3316345
2019-04-23,278.8162842
2019-04-24,278.1975098
2019-04-25,278.026062
2019-04-26,279.3208313
2019-04-29,279.7587891
2019-04-30,279.9014893
2019-05-01,277.7977295
2019-05-02,277.197937
2019-05-03,279.9110413
2019-05-06,278.7592163
2019-05-07,274.1039734
2019-05-08,273.723175
2019-05-09,272.894989
2019-05-10,274.2658081
2019-05-13,267.3735046
2019-05-14,269.7914429
2019-05-15,271.3717651
2019-05-16,273.8850708
2019-05-17,272.1143494
2019-05-20,270.315155
2019-05-21,272.7521667
2019-05-22,271.9144897
2019-05-23,268.592041
2019-05-24,269.2012939
2019-05-28,266.6975098
2019-05-29,264.9078369
2019-05-30,265.6313477
2019-05-31,262.0519104
2019-06-03,261.3855286
2019-06-04,267.0593262
2019-06-05,269.3726501
2019-06-06,271.1242371
2019-06-07,273.8373718
2019-06-10,275.0940552
2019-06-11,275.0274353
2019-06-12,274.5419006
2019-06-13,275.6747131
2019-06-14,275.3701477
2019-06-17,275.474884
2019-06-18,278.3593445
2019-06-19,278.9876709
2019-06-20,281.6531677
2019-06-21,281.2438049
2019-06-24,280.8993835
2019-06-25,278.1443481
2019-06-26,277.8669128
2019-06-27,278.8522644
2019-06-28,280.2871399
2019-07-01,282.8317871
2019-07-02,283.5683289
2019-07-03,285.8354797
2019-07-05,285.5102234
2019-07-08,283.9414673
2019-07-09,284.2953491
2019-07-10,285.6537781
2019-07-11,286.3233948
2019-07-12,287.6052551
2019-07-15,287.7008972
2019-07-16,286.7729797
2019-07-17,284.8214722
2019-07-18,285.8642578
2019-07-19,284.2762756
2019-07-22,284.9745789
2019-07-23,287.012146
2019-07-24,288.3609924
2019-07-25,286.9833984
2019-07-26,288.9062805
2019-07-29,288.3800659
2019-07-30,287.6721802
2019-07-31,284.5249329
2019-08-01,282.0473328
2019-08-02,279.9236145
2019-08-05,271.5054626
2019-08-06,275.3128052
2019-08-07,275.4754639
2019-08-08,280.8802795
2019-08-09,278.967041
2019-08-12,275.571106
2019-08-13,279.8566589
2019-08-14,271.5820007
2019-08-15,272.2994385
2019-08-16,276.3171997
2019-08-19,279.6462097
2019-08-20,277.5033875
2019-08-21,279.7610474
2019-08-22,279.6748657
2019-08-23,272.4907837
2019-08-26,275.5041504
2019-08-27,274.4231262
2019-08-28,276.3554993
2019-08-29,279.885376
2019-08-30,279.7610474
2019-09-03,278.1251831
2019-09-04,281.2820435
2019-09-05,284.8980408
2019-09-06,285.118042
2019-09-09,285.2615356
2019-09-10,285.1946106
2019-09-11,287.2225647
2019-09-12,288.2174683
2019-09-13,288.0261536
2019-09-16,287.1365356
2019-09-17,287.8635559
2019-09-18,288.0357056
2019-09-19,288.016571
2019-09-20,286.6557617
2019-09-23,286.5884705
2019-09-24,284.3396912
2019-09-25,286.0214844
2019-09-26,285.4255981
2019-09-27,283.8879395
2019-09-30,285.2046204
2019-10-01,281.8121643
2019-10-02,276.8340149
2019-10-03,279.1020813
2019-10-04,282.8789673
2019-10-07,281.6583862
2019-10-08,277.2857361
2019-10-09,279.9189453
2019-10-10,281.8121643
2019-10-11,284.7337036
2019-10-14,284.4165649
2019-10-15,287.2323914
2019-10-16,286.7710571
2019-10-17,287.6167908
2019-10-18,286.3578491
2019-10-21,288.2990723
2019-10-22,287.3573303
2019-10-23,288.1933594
2019-10-24,288.6642456
2019-10-25,289.8463745
2019-10-28,291.4801025
2019-10-29,291.3936462
2019-10-30,292.287384
2019-10-31,291.5089722
2019-11-01,294.2094421
2019-11-04,295.39151
2019-11-05,295.0648193
2019-11-06,295.1320496
2019-11-07,296.1698914
2019-11-08,296.9003296
2019-11-11,296.333374
2019-11-12,296.9579773
2019-11-13,297.0540771
2019-11-14,297.4865417
2019-11-15,299.6392822
2019-11-18,299.860321
2019-11-19,299.7738342
2019-11-20,298.6589966
2019-11-21,298.1784668
2019-11-22,298.8415527
2019-11-25,301.1576538
2019-11-26,301.8400269
2019-11-27,303.1854553
2019-11-29,302.0610352
2019-12-02,299.4951477
2019-12-03,297.4865417
2019-12-04,299.3221436
2019-12-05,299.860321
2019-12-06,302.5991821
2019-12-09,301.6477966
2019-12-10,301.3114624
2019-12-11,302.1668091
2019-12-12,304.7711487
2019-12-13,304.9537354
2019-12-16,307.0487976
2019-12-17,307.1160889
2019-12-18,307.1352844
2019-12-19,308.3942261
2019-12-20,309.7462769
2019-12-23,310.2194824
2019-12-24,310.229187
2019-12-26,311.8806152
2019-12-27,311.8033447
2019-12-30,310.0843506
2019-12-31,310.8375549
2020-01-02,313.7444763
2020-01-03,311.3687439
2020-01-06,312.5566711
2020-01-07,311.6777649
2020-01-08,313.3389282
2020-01-09,315.463562
2020-01-10,314.5556946
2020-01-13,316.7189941
2020-01-14,316.2362061
2020-01-15,316.9508057
2020-01-16,319.5873413
2020-01-17,320.5820923
2020-01-21,319.9542542
2020-01-22,319.9929199
2020-01-23,320.3599243
2020-01-24,317.5109558
2020-01-27,312.4213562
2020-01-28,315.695343
2020-01-29,315.4346008
2020-01-30,316.458252
2020-01-31,310.7120667
2020-02-03,313.0202026
2020-02-04,317.7910156
2020-02-05,321.4608765
2020-02-06,322.542511
2020-02-07,320.8235168
2020-02-10,323.2185364
2020-02-11,323.778717
2020-02-12,325.8647156
2020-02-13,325.5170288
2020-02-14,326.0385742
2020-02-18,325.1983337
2020-02-19,326.7532043
2020-02-20,325.4108276
2020-02-21,322.0596619
2020-02-24,311.3784485
2020-02-25,301.9429321
2020-02-26,300.8323364
2020-02-27,287.3214722
2020-02-28,286.1142883
2020-03-02,298.5049133
2020-03-03,289.9579773
2020-03-04,302.1457825
2020-03-05,292.1019592
2020-03-06,287.2731934
2020-03-09,264.8387146
2020-03-10,278.5427856
2020-03-11,264.9642639
2020-03-12,239.6132202
2020-03-13,260.0968933
2020-03-16,231.6361084
2020-03-17,244.1426086
2020-03-18,231.7809601
2020-03-19,232.2734833
2020-03-20,222.2638702
2020-03-23,216.5809937
2020-03-24,236.2039032
2020-03-25,239.7399292
2020-03-26,253.7382965
2020-03-27,246.1805267
2020-03-30,254.1753998
2020-03-31,250.3868408
2020-04-01,239.1181946
2020-04-02,244.6359558
2020-04-03,241.0999146
2020-04-06,257.2937012
2020-04-07,257.5560303
2020-04-08,266.2017517
2020-04-09,270.252655
2020-04-13,267.7852173
2020-04-14,275.6829529
2020-04-15,269.8252258
2020-04-16,271.1269531
2020-04-17,278.4515076
2020-04-20,273.5458069
2020-04-21,265.2400513
2020-04-22,271.1269531
2020-04-23,271.1075134
2020-04-24,274.8864136
2020-04-27,278.8497925
2020-04-28,277.5675049
2020-04-29,284.8338318
2020-04-30,282.1818237
2020-05-01,274.7115173
2020-05-04,275.4692078
2020-05-05,278.0143738
2020-05-06,276.1298218
2020-05-07,279.461853
2020-05-08,284.0858459
2020-05-11,284.1440735
2020-05-12,278.4806519
2020-05-13,273.5555115
2020-05-14,276.8292236
2020-05-15,278.1018372
2020-05-18,286.5727234
2020-05-19,283.6292725
2020-05-20,288.4475403
2020-05-21,286.4562073
2020-05-22,287.0001526
2020-05-26,290.5361023
2020-05-27,294.8590393
2020-05-28,294.3150635
2020-05-29,295.6264648
2020-06-01,296.8212891
2020-06-02,299.2790527
2020-06-03,303.2619324
2020-06-04,302.465332
2020-06-05,310.2174072
2020-06-08,313.9671631
2020-06-09,311.6259766
2020-06-10,309.8870544
2020-06-11,292.0224304
2020-06-12,295.5195923
2020-06-15,298.2784729
2020-06-16,304.0196533
2020-06-17,302.7567749
2020-06-18,302.8733521
2020-06-19,301.1424561
2020-06-22,303.0743713
2020-06-23,304.4696045
2020-06-24,296.7029724
2020-06-25,299.8837891
2020-06-26,292.7611084
2020-06-29,297.0639648
2020-06-30,300.8692322
2020-07-01,302.9767761
2020-07-02,304.6452332
2020-07-06,309.348114
2020-07-07,306.1575928
2020-07-08,308.4992676
2020-07-09,306.7430115
2020-07-10,309.8750305
2020-07-13,307.191803
2020-07-14,311.1727295
2020-07-15,314.0315552
2020-07-16,312.9973145
2020-07-17,313.9047241
2020-07-20,316.4415588
2020-07-21,317.1147766
2020-07-22,318.9197998
2020-07-23,315.1145325
2020-07-24,313.085083
2020-07-27,315.3682556
2020-07-28,313.3681335
2020-07-29,317.2221375
2020-07-30,316.090271
2020-07-31,318.5881042
2020-08-03,320.802948
2020-08-04,322.0421448
2020-08-05,324.0423279
2020-08-06,326.2083435
2020-08-07,326.4425354
2020-08-10,327.4182739
2020-08-11,324.7155457
2020-08-12,329.2427979
2020-08-13,328.647644
2020-08-14,328.6574097
2020-08-17,329.701416
2020-08-18,330.4136963
2020-08-19,329.0379639
2020-08-20,330.062439
2020-08-21,331.2333069
2020-08-24,334.5896912
2020-08-25,335.7605591
2020-08-26,339.1267395
2020-08-27,339.8682861
2020-08-28,342.0635986
2020-08-31,340.8245239
2020-09-01,344.0345154
2020-09-02,349.0106812
2020-09-03,336.9997253
2020-09-04,334.24823
2020-09-08,325.1156006
2020-09-09,331.5357361
2020-09-10,325.7790527
2020-09-11,325.9449463
2020-09-14,330.2380066
2020-09-15,331.9065247
2020-09-16,330.589325
2020-09-17,327.6817017
2020-09-18,323.9091797
2020-09-21,320.3041992
2020-09-22,323.5663147
2020-09-23,316.0625305
2020-09-24,316.9049377
2020-09-25,322.0283813
2020-09-28,327.3770752
2020-09-29,325.5941162
2020-09-30,328.0628052
2020-10-01,330.1689453
2020-10-02,327.0341492
2020-10-05,332.8334961
2020-10-06,328.1019287
2020-10-07,333.8131104
2020-10-08,336.7715149
2020-10-09,339.7789612
2020-10-12,345.2452087
2020-10-13,342.9920654
2020-10-14,340.8369141
2020-10-15,340.4156799
2020-10-16,340.2099609
2020-10-19,335.0376282
2020-10-20,336.3796997
2020-10-21,335.742981
2020-10-22,337.5845947
2020-10-23,338.7307739
2020-10-26,332.4710083
2020-10-27,331.3248901
2020-10-28,320.0005493
2020-10-29,323.2528992
2020-10-30,319.8829956
2020-11-02,323.4684143
2020-11-03,329.1795044
2020-11-04,336.536438
2020-11-05,343.099884
2020-11-06,343.0214844
2020-11-09,347.3317871
2020-11-10,346.8223572
2020-11-11,349.3987732
2020-11-12,346.0092773
2020-11-13,350.7995605
2020-11-16,355.1784668
2020-11-17,353.2681885
2020-11-18,349.0167236
2020-11-19,350.486084
2020-11-20,348.0860596
2020-11-23,350.1726074
2020-11-24,355.8152466
2020-11-25,355.2666626
2020-11-27,356.256073
2020-11-30,354.6788635
2020-12-01,358.5581055
2020-12-02,359.3124695
2020-12-03,359.2144775
2020-12-04,362.3100586
2020-12-07,361.5655518
2020-12-08,362.6235352
2020-12-09,359.3712158
2020-12-10,359.2536621
2020-12-11,358.832428
2020-12-14,357.2258301
2020-12-15,362.0553589
2020-12-16,362.6235352
2020-12-17,364.6513062
2020-12-18,363.195343
2020-12-21,361.8967285
2020-12-22,361.2868042
2020-12-23,361.6114197
2020-12-24,363.0182495
2020-12-28,366.1368713
2020-12-29,365.438324
2020-12-30,365.9597778
2020-12-31,367.8191223
2021-01-04,362.8116455
2021-01-05,365.3104858
2021-01-06,367.4944458
2021-01-07,372.9544983
2021-01-08,375.0794983
2021-01-11,372.551178
2021-01-12,372.6298523
2021-01-13,373.6333618
2021-01-14,372.3248596
2021-01-15,369.6096191
2021-01-19,372.5118103
2021-01-20,377.6668701
2021-01-21,378.0112
2021-01-22,376.6732483
2021-01-25,378.158783
2021-01-26,377.568512
2021-01-27,368.3405762
2021-01-28,371.5083313
2021-01-29,364.0708923
2021-02-01,370.1310425
2021-02-02,375.3647766
2021-02-03,375.6599121
2021-02-04,379.9295959
2021-02-05,381.4249268
2021-02-08,384.1795654
2021-02-09,383.9237671
2021-02-10,383.7565308
2021-02-11,384.3763123
2021-02-12,386.2750244
2021-02-16,385.9404907
2021-02-17,386.0290833
2021-02-18,384.3861389
2021-02-19,383.7073364
2021-02-22,380.7559814
2021-02-23,381.2183228
2021-02-24,385.4190979
2021-02-25,376.1321411
2021-02-26,374.1940613
2021-03-01,383.2645874
2021-03-02,380.2738953
2021-03-03,375.236908
2021-03-04,370.5934448
2021-03-05,377.4111023
2021-03-08,375.5320435
2021-03-09,380.8937073
2021-03-10,383.2645874
2021-03-11,387.1506042
2021-03-12,387.6720276
2021-03-15,389.9838867
2021-03-16,389.4920044
2021-03-17,390.8201294
2021-03-18,385.1338501
2021-03-19,384.4212646
2021-03-22,387.4907837
2021-03-23,384.440918
2021-03-24,382.4866333
2021-03-25,384.6383667
2021-03-26,390.836792
2021-03-29,390.6393433
2021-03-30,389.6030273
2021-03-31,391.1821899
2021-04-01,395.4066162
2021-04-05,401.0819397
2021-04-06,400.8450623
2021-04-07,401.30896
2021-04-08,403.2138672
2021-04-09,406.1453247
2021-04-12,406.293396
2021-04-13,407.4975281
2021-04-14,406.105835
2021-04-15,410.4684448
2021-04-16,411.8403625
2021-04-19,409.8169861
2021-04-20,406.8165283
2021-04-21,410.6658325
2021-04-22,406.9151917
2021-04-23,411.3271179
2021-04-26,412.1858215
2021-04-27,412.0970154
2021-04-28,411.9785156
2021-04-29,414.6040039
2021-04-30,411.8798523
2021-05-03,412.768158
2021-05-04,410.2217102
2021-05-05,410.3500061
2021-05-06,413.6269226
2021-05-07,416.6372681
2021-05-10,412.5115356
2021-05-11,408.8299866
2021-05-12,400.1443176
2021-05-13,404.9510498
2021-05-14,411.1691895
2021-05-17,410.1229858
2021-05-18,406.5894775
2021-05-19,405.523468
2021-05-20,409.8860779
2021-05-21,409.5505371
2021-05-24,413.7255859
2021-05-25,412.8076477
2021-05-26,413.6269226
2021-05-27,413.8440247
2021-05-28,414.584259
2021-06-01,414.2190857
2021-06-02,414.8704834
2021-06-03,413.33078
2021-06-04,417.1110535
2021-06-07,416.7063293
2021-06-08,416.7951965
2021-06-09,416.1733704
2021-06-10,418.1079102
2021-06-11,418.7987976
2021-06-14,419.7364807
2021-06-15,418.9666138
2021-06-16,416.6273804
2021-06-17,416.4891968
2021-06-18,410.8706055
2021-06-21,416.7526245
2021-06-22,418.9806519
2021-06-23,418.475647
2021-06-24,420.9512329
2021-06-25,422.4465027
2021-06-28,423.2980957
2021-06-29,423.5258789
2021-06-30,423.8823242
2021-07-01,426.2292175
2021-07-02,429.4871216
2021-07-06,428.7048035
2021-07-07,430.2198792
2021-07-08,426.714447
2021-07-09,431.2695007
2021-07-12,432.8143005
2021-07-13,431.3388672
2021-07-14,431.9824829
2021-07-15,430.5070801
2021-07-16,427.1303406
2021-07-19,420.8225098
2021-07-20,426.8530579
2021-07-21,430.3089905
2021-07-22,431.210083
2021-07-23,435.6464233
2021-07-26,436.7158203
2021-07-27,434.7254944
2021-07-28,434.5472107
2021-07-29,436.3494873
2021-07-30,434.2303772
2021-08-02,433.3193359
2021-08-03,436.8446045
2021-08-04,434.6957703
2021-08-05,437.4486389
2021-08-06,438.1715088
2021-08-09,437.8150635
2021-08-10,438.3596497
2021-08-11,439.4489441
2021-08-12,440.7659302
2021-08-13,441.5680542
2021-08-16,442.6077881
2021-08-17,439.7063904
2021-08-18,434.8937988
2021-08-19,435.5671692
2021-08-20,439.03302
2021-08-23,442.894989
2021-08-24,443.5980225
2021-08-25,444.5288696
2021-08-26,441.9047241
2021-08-27,445.8558044
2021-08-30,447.8164978
2021-08-31,447.1530151
2021-09-01,447.3906555
2021-09-02,448.7670898
2021-09-03,448.6581421
2021-09-07,447.0539551
2021-09-08,446.5093689
2021-09-09,444.598175
2021-09-10,441.0927429
2021-09-13,442.2215881
2021-09-14,439.835144
2021-09-15,443.5089111
2021-09-16,442.8058472
2021-09-17,438.4924622
2021-09-20,431.1809692
2021-09-21,430.7736511
2021-09-22,434.975769
2021-09-23,440.2607117
2021-09-24,440.9859314
2021-09-27,439.7243042
2021-09-28,430.8630371
2021-09-29,431.5882568
2021-09-30,426.3132324
2021-10-01,431.3796082
2021-10-04,425.8165283
2021-10-05,430.2471313
2021-10-06,432.0352478
2021-10-07,435.7705078
2021-10-08,434.975769
2021-10-11,431.8266602
2021-10-12,430.7637024
2021-10-13,432.3134155
2021-10-14,439.5852051
2021-10-15,442.9330139
2021-10-18,444.2443237
2021-10-19,447.6716003
2021-10-20,449.4299316
2021-10-21,450.6021729
2021-10-22,450.1352539
2021-10-25,452.5492554
2021-10-26,452.956543
2021-10-27,450.9498596
2021-10-28,455.3010254
2021-10-29,456.224884
2021-11-01,457.0096741
2021-11-02,458.8574219
2021-11-03,461.658844
2021-11-04,463.8344421
2021-11-05,465.4437256
2021-11-08,465.8411255
2021-11-09,464.3013306
2021-11-10,460.5661011
2021-11-11,460.7150879
2021-11-12,464.1920166
2021-11-15,464.3509827
2021-11-16,466.1888123
2021-11-17,465.0563354
2021-11-18,466.6358643
2021-11-19,465.8013916
2021-11-22,464.4900818
2021-11-23,465.1059875
2021-11-24,466.3477478
2021-11-26,455.9467468
2021-11-29,461.5396423
2021-11-30,452.5592041
2021-12-01,447.5325012
2021-12-02,454.3870544
2021-12-03,450.4332886
2021-12-06,455.7679138
2021-12-07,465.1954041
2021-12-08,466.4272156
2021-12-09,463.2781372
2021-12-10,467.6391907
2021-12-13,463.4966431
2021-12-14,460.3078003
2021-12-15,467.5001221
2021-12-16,463.3774719
2021-12-17,458.4457703
2021-12-20,453.5709534
2021-12-21,461.6259155
2021-12-22,466.2415771
2021-12-23,469.1425476
2021-12-27,475.7819214
2021-12-28,475.3931274
2021-12-29,476.0012512
2021-12-30,474.6853333
2021-12-31,473.4890442
2022-01-03,476.2305298
2022-01-04,476.0710144
2022-01-05,466.9294434
2022-01-06,466.4907837
2022-01-07,464.6465149
2022-01-10,464.0683289
2022-01-11,468.2951965
2022-01-12,469.5612488
2022-01-13,463.0913391
2022-01-14,463.2807617
2022-01-18,455.0762329
2022-01-19,450.3509216
2022-01-20,445.3664246
2022-01-21,436.6235962
2022-01-24,438.4778137
2022-01-25,433.1244507
2022-01-26,432.0378418
2022-01-27,429.9044495
2022-01-28,440.5812988
2022-01-31,448.5166321
2022-02-01,451.5472412
2022-02-02,455.9335938
2022-02-03,445.2168884
2022-02-04,447.3103943
2022-02-07,445.8748474
2022-02-08,449.543457
2022-02-09,456.1230164
2022-02-10,447.9284668
2022-02-11,439.0958862
2022-02-14,437.6603394
2022-02-15,444.7184448
2022-02-16,445.2168884
2022-02-17,435.7064209
2022-02-18,432.8851929
2022-02-22,428.239624
2022-02-23,420.643219
2022-02-24,426.9735413
2022-02-25,436.3942871
2022-02-28,435.277771
2022-03-01,428.6483765
2022-03-02,436.5338745
2022-03-03,434.3605957
2022-03-04,430.8315735
2022-03-07,418.131012
2022-03-08,414.9608765
2022-03-09,426.0863037
2022-03-10,424.1622925
2022-03-11,418.769043
2022-03-14,415.7085571
2022-03-15,424.8501587
2022-03-16,434.270874
2022-03-17,439.70401
2022-03-18,444.519989
2022-03-21,444.3900146
2022-03-22,449.5899963
2022-03-23,443.7999878
2022-03-24,450.4899902
